0000000	chunk_0000000.bin
0300000	chunk_0300000.bin
0500000	chunk_0500000.bin
0600000	chunk_0600000.bin
0750000	chunk_0750000.bin
0850000	chunk_0850000.bin
0910000	chunk_0910000.bin
0970000	chunk_0970000.bin
1050000	chunk_1050000.bin
1130000	chunk_1130000.bin
1190000	chunk_1190000.bin
1250000	chunk_1250000.bin
1310000	chunk_1310000.bin
1380000	chunk_1380000.bin
1480000	chunk_1480000.bin
1550000	chunk_1550000.bin
1620000	chunk_1620000.bin
1680000	chunk_1680000.bin
1750000	chunk_1750000.bin
1820000	chunk_1820000.bin
1890000	chunk_1890000.bin
1960000	chunk_1960000.bin
2030000	chunk_2030000.bin
2100000	chunk_2100000.bin
2170000	chunk_2170000.bin
2220000	chunk_2220000.bin
2270000	chunk_2270000.bin
2320000	chunk_2320000.bin
2370000	chunk_2370000.bin
2420000	chunk_2420000.bin
2470000	chunk_2470000.bin
2520000	chunk_2520000.bin
2570000	chunk_2570000.bin
2620000	chunk_2620000.bin
2670000	chunk_2670000.bin
2720000	chunk_2720000.bin
2770000	chunk_2770000.bin
2820000	chunk_2820000.bin
2870000	chunk_2870000.bin
2920000	chunk_2920000.bin
2970000	chunk_2970000.bin
3020000	chunk_3020000.bin
3070000	chunk_3070000.bin
3120000	chunk_3120000.bin
3170000	chunk_3170000.bin
3220000	chunk_3220000.bin
3270000	chunk_3270000.bin
3320000	chunk_3320000.bin
3370000	chunk_3370000.bin
3420000	chunk_3420000.bin
3470000	chunk_3470000.bin
3520000	chunk_3520000.bin
3570000	chunk_3570000.bin
3620000	chunk_3620000.bin
3670000	chunk_3670000.bin
3720000	chunk_3720000.bin
3770000	chunk_3770000.bin
3820000	chunk_3820000.bin
3870000	chunk_3870000.bin
3920000	chunk_3920000.bin
3970000	chunk_3970000.bin
4020000	chunk_4020000.bin
4070000	chunk_4070000.bin
4120000	chunk_4120000.bin
4170000	chunk_4170000.bin
4220000	chunk_4220000.bin
4270000	chunk_4270000.bin
4320000	chunk_4320000.bin
4370000	chunk_4370000.bin
4420000	chunk_4420000.bin
4470000	chunk_4470000.bin
4520000	chunk_4520000.bin
4570000	chunk_4570000.bin
4620000	chunk_4620000.bin
4670000	chunk_4670000.bin
4720000	chunk_4720000.bin
4770000	chunk_4770000.bin
4820000	chunk_4820000.bin
4870000	chunk_4870000.bin
4920000	chunk_4920000.bin
4970000	chunk_4970000.bin
5020000	chunk_5020000.bin
5070000	chunk_5070000.bin
5120000	chunk_5120000.bin
5170000	chunk_5170000.bin
5220000	chunk_5220000.bin
5270000	chunk_5270000.bin
5320000	chunk_5320000.bin
5370000	chunk_5370000.bin
5420000	chunk_5420000.bin
5470000	chunk_5470000.bin
5520000	chunk_5520000.bin
5570000	chunk_5570000.bin
5620000	chunk_5620000.bin
5670000	chunk_5670000.bin
5720000	chunk_5720000.bin
5770000	chunk_5770000.bin
5820000	chunk_5820000.bin
5870000	chunk_5870000.bin
5920000	chunk_5920000.bin
5970000	chunk_5970000.bin
6070000	chunk_6070000.bin
6170000	chunk_6170000.bin
6270000	chunk_6270000.bin
6370000	chunk_6370000.bin
6470000	chunk_6470000.bin
6570000	chunk_6570000.bin
6670000	chunk_6670000.bin
6770000	chunk_6770000.bin
6870000	chunk_6870000.bin
6970000	chunk_6970000.bin
7070000	chunk_7070000.bin
7170000	chunk_7170000.bin
7270000	chunk_7270000.bin
7370000	chunk_7370000.bin
7470000	chunk_7470000.bin
7570000	chunk_7570000.bin
7670000	chunk_7670000.bin
7770000	chunk_7770000.bin
7870000	chunk_7870000.bin
7970000	chunk_7970000.bin
8070000	chunk_8070000.bin
8170000	chunk_8170000.bin
8270000	chunk_8270000.bin
8370000	chunk_8370000.bin
8470000	chunk_8470000.bin
8570000	chunk_8570000.bin
8670000	chunk_8670000.bin
8770000	chunk_8770000.bin
8870000	chunk_8870000.bin
8970000	chunk_8970000.bin
9070000	chunk_9070000.bin
